ABCA13	3.81156082442971	3.97985826191872	4.11490515940991	4.77089195631496	7.30355833829496	4.92272207238946	6.14121599507214	6.17343844266214	4.84926151762133	76.0063350661167	-4.66400018279321	1.15541279942371	-4.03665268821628	5.42192431879193e-05	0.00361592837421594
ACSL5	1.0465539885494	1.07180503706186	1.05292633150793	2.87615274206172	1.82084471918766	2.44258675998556	3.12285069932557	2.06885931009408	1.94634879054285	5.84386808741717	-5.16711680670185	1.60133099212706	-3.22676375596673	0.00125198783250384	0.0255968092625302
ADAMTSL4	1.45798267255302	1.48556039094825	1.46494707746242	3.00219631879175	3.09287560933896	2.18495821472118	3.72689216923638	2.87379540894054	3.42418369642712	9.03479943740406	-5.80145532986337	1.5404741842436	-3.76601918370479	0.00016587105289373	0.00756732252617503
ADD1	4.32061702064297	4.286580372044	4.45795441253442	5.58080870777043	5.51741104055606	5.44674377267233	5.21764401356642	5.15202600726542	5.08708188180025	37.1048612046997	-2.0756304017792	0.611586795517796	-3.39384436843814	0.000689188471165923	0.0186352935295523
AGAP1	1.13768587562264	1.1696334274469	1.14579668505261	1.89185863036216	3.51706089012618	2.32815910844462	1.89461360919161	4.10113996137002	2.39410390105662	9.4250452044524	-5.86376849351125	1.75384793784056	-3.34337337177081	0.000827664577935726	0.0204921772006978
AGL	0.903674812829191	0.928510820115531	0.909957095351397	2.86668781937142	2.44098413661631	1.84972281079969	1.94146629182026	1.94780047474946	1.82506751056685	4.7331346084472	-4.86931565906038	1.57757242686917	-3.08658770660943	0.00202468206748157	0.0312836214186062
AK4	1.01658880272457	1.04988220060362	1.02505609731785	2.63679153692309	2.6457622874387	2.52470645665528	2.25112789421862	4.23471808620315	0.944344654923855	9.39293186123636	-5.85608974118611	1.95250656900678	-2.99926762559628	0.00270629474394247	0.0380920253342587
ASB3	2.98489043750763	2.40206056073162	2.64347641570285	4.30224054341392	5.44540291225899	3.26612902712646	3.9610268486615	5.22257857304608	3.49236169275461	25.7835597945767	-4.48301190955529	1.32088494400087	-3.3939458011964	0.000688933258264026	0.0186352935295523
ASTN2	5.78503103912188	5.41415671997686	5.61835928279482	7.15393444109786	8.74683274152169	6.66413279999731	6.35145653694125	8.0803537126298	6.32986209622938	212.568927252255	-4.10559640400709	1.05430339300489	-3.894131832684	9.85510452400884e-05	0.00547357832346978
ATM	1.96230921822652	1.98812800236529	1.96880209575207	4.01919005342507	3.15838545146947	3.73110598178834	3.60494024224562	4.25718766694843	3.97659257055029	14.2658565391778	-6.45861424455862	1.44585629785601	-4.46698212964579	7.93307537678052e-06	0.00116446213566314
ATP11A	5.22441623009772	5.49280859409095	5.364895375607	8.24213861313608	5.03754084650976	7.89707141075096	8.31626457814602	6.18475824172544	7.82316237707843	235.518163126768	-5.07543251189091	1.25777756626739	-4.03523854138447	5.45468513871991e-05	0.00361592837421594
ATXN3	2.77249533504576	3.01819759525293	2.79125272881851	3.85401042837402	4.88472515243945	3.78680234764326	3.56194440818145	4.43803868373518	3.53775171759443	17.0499782776256	-2.9525791598179	0.990232893946434	-2.98170175709959	0.00286651098792052	0.0384473847484269
BCL2L11	6.7635981381206	6.49700614552077	6.46889906306599	7.96107113023991	10.4779474487044	7.5610748728178	9.18314881548193	9.53466680353773	7.14309195866033	716.685697112434	-5.78800581731109	1.1837392464669	-4.88959526735853	1.01043512780249e-06	0.000233061683025223
BEAN1	1.34801726982549	1.373310379768	1.35438473811021	2.90666159473642	2.60860823965281	3.71585534304839	2.41008846480641	2.61335783502826	2.76674358807825	7.81647726654356	-5.59450977421888	1.54272918940734	-3.62637189510109	0.00028743131265204	0.0113590643749989
BIRC2	0.916421032223654	0.945187022316599	0.923720379989969	2.42016556484205	2.39994783170325	2.31275721194132	0.878405719610073	2.24130774525492	3.36016142580527	6.14306248524205	-5.24879486195323	1.83467221100789	-2.86088971668119	0.00422453977980449	0.0482301624861013
BLOC1S6	4.44078762642634	4.76373522227065	4.74204703318104	5.22121539465735	7.30267588800575	5.12308673871061	5.61929858175933	6.70013154645166	5.64659889305776	78.6380877200453	-3.22078795705961	1.01399540849384	-3.17633386707705	0.00149149190288148	0.0269455328082542
C12orf45	6.81476698712044	6.62117905182579	6.73993256547822	8.59643076864509	9.00894447833335	7.26288392607761	7.96111990452732	9.01936460229347	7.1874497104143	342.430679522827	-3.44529791921904	0.902206446559643	-3.81874673181165	0.000134131385482582	0.00641023249224896
C12orf65	3.74536286456265	4.37618680915399	4.24254935310166	5.8182127400259	6.88734893051779	4.94496529488019	5.92559234480887	6.86890990210965	4.79870477258313	75.8470503430404	-4.46894364366513	1.18830505322692	-3.76077138738863	0.000169390187933845	0.00756732252617503
C15orf40	1.31112095735776	1.34255408381203	1.31908903632241	2.54733602170002	3.05150852904795	1.95083319661898	2.96111555908452	4.45981094164242	2.67392633760826	10.8144352674282	-6.05906432781038	1.71258951719443	-3.53795481461102	0.000403239057607685	0.0145378291821718
C1S	3.5827925891477	2.87310315919511	2.85726516262276	4.88976127064177	5.08466237202492	4.74821150866865	4.38318032209606	6.60409040655322	3.94667782984157	44.2692222996997	-4.96967394192728	1.41504450883459	-3.51202659061249	0.000444703502833076	0.0148718798079236
C6orf48	13.3200460557868	14.1918568260846	13.4390582245791	16.2565159201808	13.1997327397445	15.7124991278276	16.7483567449345	14.6415771937408	15.8550910152236	65900.3598778425	-4.2366584325013	1.29550816395651	-3.2702676450625	0.00107445771585547	0.0237420495277742
CBFA2T2	0.927853517820704	0.957608664276607	0.935408310786008	2.01681164261854	2.89391848543563	2.04407559861411	2.67906925371313	3.37547311194627	0.863787397335498	6.64305476379828	-5.35769012139661	1.87945191449663	-2.85066623948799	0.00436277378223231	0.0492609896839967
CBL	2.0512340418745	1.7558041501269	1.73489818743691	1.69123416824833	2.97139571730099	4.62831140078745	3.82124530121008	3.5461553253696	4.09982844633676	15.2785001627919	-5.58605972602125	1.79028166835958	-3.12021277140134	0.00180720449620653	0.0289906113403665
CCDC144A	3.66640519146143	3.17245477674278	3.60183021347638	4.43766030992149	5.56889104267218	3.98977104403587	4.34812658557105	5.23094223338251	4.32686598024754	27.7107670678412	-2.93111779430361	0.986078716436509	-2.97249879289159	0.00295386371703645	0.0386636301815917
CDC27	1.14453920644759	1.17381661330308	1.15195835180186	2.29311633975981	3.13150782565738	1.95183749164626	2.94371530478338	3.63318960417225	1.77895825982646	7.66374275555052	-5.56348130080655	1.66878851633265	-3.33384443046919	0.00085654549985973	0.0209547738358541
CDKL5	1.03141734753789	1.05572586324904	1.03754997560513	2.15276024008908	2.97527359330967	1.946662430002	2.59892424048626	2.36463093116589	1.92230347208613	5.29756722488047	-5.03761865946929	1.55613643415837	-3.23726027415706	0.0012068328757694	0.0250509248455163
CEP57L1	1.39545030990429	1.42450214584077	1.40279748015623	3.57020317148452	3.07346740875981	3.28615566356107	3.32097507678858	3.4211204569391	1.33397673534013	9.65710615580042	-5.89684838471706	1.78813232168515	-3.29776958517243	0.000974560713332517	0.0229395309569867
CERKL	1.8050202406117	1.83339781471654	1.81217795932212	2.9646107027036	3.6145793519375	3.41612145123624	3.82661430810106	4.8127184810359	3.12011427872325	14.99751255911	-6.53140906237491	1.58478310730852	-4.12132678109334	3.76696650865229e-05	0.00309644647011218
CFH	1.60054797057786	1.6354708176057	1.60940557920284	4.68859179794645	5.39704480292609	1.53160707400389	1.55444657265154	4.96974439593141	2.83783539645392	30.2864688579465	-7.54799276689686	2.36705972267386	-3.18876312861703	0.00142882905656948	0.0267488753130928
CHRNA7	1.18201142278172	1.21477928274604	1.1903321938385	2.36115623275981	3.96393947157878	2.3694262221227	3.96803001782115	2.90159410491469	1.11139213714054	10.6079233163527	-6.03512378301548	1.93570998050133	-3.11778305831354	0.00182216876466114	0.0289906113403665
CLN5	5.95742100223827	5.32056773450718	6.31985453261614	7.78085876409344	8.51949524109328	6.94819052823269	7.11632612915268	8.64964842095281	6.18706872648926	245.025123392416	-3.86139588062224	1.26100495716598	-3.06215757414663	0.0021974773974958	0.0329621609624371
CNOT2	4.04495294445065	3.8363131420902	4.76869927714805	6.16434438428805	6.53359859439903	5.49206624220068	5.43009061842473	6.89258778242187	5.3772600903838	71.3169580436627	-4.01667990550057	1.12651347035189	-3.56558533139055	0.000363045011456497	0.0133224553311268
DCAF13	1.51968746183448	1.54668367341557	1.52649988643267	2.64663775127143	3.64528939182207	2.86378721632576	2.82468283178023	3.22533465330791	3.55663499293392	9.13119065607826	-5.8231099129711	1.49189980355868	-3.90315080079846	9.49485024728087e-05	0.00541997701615616
DIAPH2	0.834598961100922	0.866918675909067	0.842825004958982	2.58063157271564	1.2598305336053	1.12223739265734	1.65983054672259	3.50561367172672	3.31809549990233	7.42871663382757	-5.51763958820386	1.86310466245885	-2.96152959057163	0.00306115077176688	0.0395639297860436
DNAJC10	3.00089639506392	2.87605428321068	3.01842372786819	5.03324206471005	4.83611272276478	4.16437196360629	4.53378667026286	4.80551996256301	3.5099396997763	23.4389855104268	-3.96755255781975	1.03156077880256	-3.84616460740713	0.000119981173978851	0.00601369054942778
DPP8	1.03670541864825	1.07431729590211	1.04631469550514	0.98498118239385	4.87759104374728	2.28306920364378	0.985875287900101	3.51547083122292	2.77685107852335	25.344465812156	-7.29199355396243	2.45144265895206	-2.9745723512373	0.00293397257376101	0.0386494464043518
EI24	0.820453732993676	0.849943652059367	0.827945964290934	3.17920175056397	1.0187561535161	1.96285946265962	1.62316581819561	3.06314428914789	2.0421767117106	6.01599081191726	-5.2095261799484	1.78418534484833	-2.91983464329557	0.00350217158688132	0.042839063160959
EIF3L	1.27302833700923	1.30028916164557	1.2799153954149	2.36653004530745	3.4704081120527	2.76245942895033	2.65510419657621	3.31322480939663	2.01368933837061	7.58983011164235	-5.55422369099289	1.5772075317826	-3.52155539399141	0.000429023022663307	0.0148718798079236
ELP4	1.96958807352428	2.33852505513787	1.97708157140205	3.43225998953952	5.76330482859083	3.76865214634772	1.93100520946133	4.1537952710112	3.9560806457224	34.7129817354046	-6.77754185242726	1.97686196807598	-3.42843454013314	0.000607072915641856	0.0180802150962901
EPM2A	1.04607743148911	1.07737689124184	1.05402562240573	2.90745985701008	2.69000647847205	2.25461313808981	3.88590987725367	2.46664616728956	0.97862370356187	8.20343557210088	-5.66066993411153	1.8951375295724	-2.98694413771054	0.0028178120625878	0.0384473847484269
ERBB2	1.00057423236188	1.03017980971335	1.00808600990346	0.96077967793249	2.40903373239028	3.46982358302185	2.72560189571966	2.8634107018863	2.06889820764583	6.95177375688542	-5.42448331582975	1.84415776065054	-2.94144212147893	0.00326687886913163	0.0414085131779825
FARP1	0.950399806262394	0.976873250857318	0.9571040872265	1.99370885374832	2.64527620467143	1.77247907988465	2.11810697775179	3.12756372214356	1.87938862998198	5.39571266945393	-5.05758755282478	1.6129368240645	-3.13563896450699	0.00171480164670502	0.0281913390718305
FGB	2.51014586996142	2.53897114419357	2.51738652722136	4.57573720408759	5.63235986477543	2.81327209287023	4.69242268397096	8.88955786279729	3.04763061409648	72.490439778205	-8.80640081290193	2.0472639101615	-4.30154645387522	1.69610205816745e-05	0.00191044476538494
FUT8	3.93919172753597	3.01050383720412	2.99522149648133	5.48776070773767	7.12119399290479	4.10887372825273	4.99123883811269	5.53739477108679	3.39501995591133	63.8720909187662	-4.83460026632677	1.59014820760683	-3.04034570060788	0.00236306739731717	0.0341979119823013
FXR1	2.0589010165409	2.08302890509389	2.73894534332689	3.77047406566737	4.09931056616108	3.65689534172292	3.25466890872868	3.96803469947858	3.86693924090734	13.3590471712138	-3.89601688970367	1.17422867042607	-3.31793711721415	0.000906848979019929	0.0219244076692465
GHR	1.44509767356573	1.4778060361024	1.45338833789836	2.84181049490676	3.67033257991868	2.73670588108206	3.77457150915528	4.74869756025058	1.37516021657913	14.6362503748245	-6.49725197086935	1.93970367457262	-3.34961059054595	0.000809252432179278	0.020305482802961
GLIPR1	4.8100075836018	4.02260715080115	4.32337002248179	5.54525375211706	6.39207337088821	5.43055942934766	5.65584394468987	5.4995302319329	5.92436083363455	52.2499057414701	-2.85322931537611	0.809562091187127	-3.5244107233235	0.000424425810003818	0.0148718798079236
GMPR2	1.21152492457353	1.24160627664541	1.2191486168018	3.85006450110911	2.78340882667632	2.88066598601041	1.17192401144404	2.94747720843947	2.84799873619524	8.6794768373307	-5.74358124511958	1.82073547143967	-3.15453910533093	0.00160751833409184	0.0273012411285845
H6PD	1.14528134548848	1.17833329461166	1.15367796164665	2.72061246104684	3.87714531330474	2.24008487835166	2.07535950468846	4.0813425140235	1.38834884977421	10.4621727455841	-6.0149594092409	1.82518145365374	-3.29554050486314	0.000982325413243228	0.0229395309569867
HBA1	6.15417576460651	5.8213678918112	6.40736599989908	6.70435236233753	7.25814342142104	7.05375968092727	7.20878359938774	6.8862815416346	7.61893529932376	131.621327755228	-1.98218982846087	0.648371368442651	-3.05718285065852	0.00223427936957715	0.0330427944029447
HBA2	6.14539034858009	5.79203527970825	6.51821501944104	6.73885257014994	7.41177112018066	7.10211834716418	7.34857272181917	6.80475521492226	7.63742808281993	138.068114487752	-2.01651156810135	0.694710578261363	-2.9026642622141	0.00370003064187536	0.0444778295641384
HBS1L	0.997652888252184	1.02565700393405	1.00474931362713	2.46603434576469	2.98208883689532	2.17936956080245	2.69849486995479	2.94946626739386	0.937887851994138	6.2339710890223	-5.26709277886892	1.81462707487429	-2.90257588007927	0.00370107486884071	0.0444778295641384
HIC1	4.46442706017857	4.83361448223187	4.65982874420441	6.07248189034561	5.21603467174186	6.12044280851912	5.44502823728418	7.04886507298146	5.91535254894101	68.9866947777994	-3.06878977508388	0.878045502474367	-3.49502362512638	0.000474019795127039	0.0154620742696201
HNRNPAB	1.04978900509705	1.0780001990149	1.05693133761189	2.3225325425326	2.48852203640752	2.55561453250746	3.08521536222591	1.01407780311009	3.28020665050801	6.8231252847882	-5.3986549812444	1.81125794142536	-2.98061079969424	0.00287674148944472	0.0384473847484269
HSP90AB1	2.22260002887434	2.9434074507445	2.22869607326213	3.8862424022646	4.0172688842042	4.85238448771532	4.10596569039406	4.26523653852541	3.11831795323931	17.8586088170843	-4.2296127963398	1.28625377353186	-3.28831905754175	0.00100787547799874	0.0229558035424286
INTU	3.77286300463375	3.64483561501543	3.33887117423567	5.35681090296336	6.00307287678304	4.27973936294903	4.6888850289481	6.06131466946253	4.28649424022321	42.473936031425	-3.97187337811672	1.08461951381092	-3.66199697455299	0.000250256815916657	0.0104954644226271
IQCG	0.905710355969785	0.929938700751461	0.911836171804405	1.44485660684735	2.1313192210198	2.15298036008698	2.05455363828258	2.57877190916821	2.4242827769202	4.54496552468276	-4.81184319655298	1.56332495054584	-3.07795458319328	0.00208426677663454	0.031963941984955
ITIH2	1.10805455926145	1.14378244683959	1.11715642434674	2.20101486694654	3.83563761816549	1.03621566796639	2.7116022713446	4.50853612502858	1.9462140765007	15.7267859180154	-6.60161674709292	2.0851400434031	-3.16603039109	0.00154534647209296	0.0273012411285845
KIAA0319L	1.02596295343777	1.0511790455282	1.03233716587358	2.52360446319155	2.9144368826608	1.9481364326279	2.35963710669782	2.45439385369505	1.79677405658128	5.27979501620102	-5.03107781588876	1.55154749764923	-3.24261927108994	0.0011843636361929	0.0249185997521544
KLRD1	2.0744529305377	2.10032191137833	2.37181191208673	3.35381191497895	4.70174857851349	2.96681179436527	3.8554821217865	4.33168671544726	4.37510573103051	17.4858859817009	-5.78405541310918	1.52562177143399	-3.79127744596391	0.000149874413956953	0.00699981637912589
KPNA5	2.33693787374139	2.87919533952289	2.82127571602823	3.48708261448729	6.09468539853584	3.09246998788068	3.61609202412079	5.4829328849014	3.85402999233979	34.7220210026008	-4.82455225637907	1.47004130946345	-3.28191611033024	0.00103104274249906	0.0230303569112561
KRR1	3.8375284481969	3.1264316216004	3.38819954663292	4.54262372288723	5.38015735719992	4.34873515165904	4.67452742956371	4.46886003036443	4.93606796222987	26.0531452462159	-2.84233471795463	0.873087393621952	-3.25549852021499	0.00113193486333424	0.0244855383594933
KTN1	1.74129179248606	1.77115060756078	1.74883074084793	4.40907929875162	4.25123703699108	3.24254831217323	1.70245142611186	4.50407167890539	3.36346526001977	16.7876442398167	-6.69628330994123	1.85830530605605	-3.60343550014017	0.000314038702777305	0.0121764063057993
KYNU	3.15413155986514	2.83151159352518	3.71867156488039	4.59830161689015	5.8344733351192	4.06391778689597	4.627184218991	5.33713929330062	3.51006024634787	31.9343985972327	-3.58241049748937	1.22246498551235	-2.93048106894279	0.00338437614368668	0.042150866516825
LAMB1	0.953789713669875	0.978059034783019	0.959923963410176	2.08727862496598	1.83642245941562	2.09618551318614	2.60425430643897	2.61213240563435	1.9686277996794	4.69973105283207	-4.85155830701118	1.5323349542639	-3.16612128014906	0.00154486368031334	0.0273012411285845
LCP1	1.03560640102719	1.07043027867773	1.04447011766074	2.82129906556525	4.28725293477275	1.30823858284046	3.44674282932702	2.83371476375286	0.959756478011512	10.9334748846013	-6.07987611286226	2.05211587678203	-2.9627352829589	0.00304918674823176	0.0395639297860436
LDHA	1.76400730442998	1.79340595760685	1.7714270728611	3.36308606045273	3.9806976010298	4.37750943530457	1.72581453683639	4.52846289639331	3.62087513944746	16.3756641726292	-6.66082281032542	1.83488325670269	-3.63010713951088	0.000283303600668053	0.0113590643749989
LOC100129518	3.95049486597405	3.70260629921679	3.97204737399498	5.16913654464542	6.8643175385475	4.64390078404851	4.59907958443729	6.30053926631342	4.89066382627838	59.1230628550423	-4.05683324419599	1.11157193426021	-3.64963626658669	0.00026261190178159	0.0107933491632234
LONP2	0.905651807896893	0.92610415756879	0.910787316759196	2.64975699875411	1.77293316485892	1.53719310955668	1.77168873010679	2.76209640500839	1.90564587057305	4.75715955916175	-4.86944766771994	1.6344919617245	-2.97918116561574	0.00289019840425239	0.0384473847484269
LPP	2.58791676878293	3.21287039997957	3.15127610245279	3.72418997563825	4.89472536970458	4.57442710530989	4.56854291016749	4.91960428312305	3.87559784601507	22.2375550560649	-3.56661274458599	1.0434261625053	-3.41817454147637	0.000630426644373891	0.0182468556927936
LRCH3	1.34985456783573	1.37873534458994	1.35716000574592	1.31141728226254	2.99821954227205	3.33543405949263	3.13316327002982	3.43144420939822	3.33902535094356	9.05550284445067	-5.80626402566375	1.76701851056944	-3.2859101310674	0.00101653436611241	0.0229558035424286
LST1	1.35014994734584	1.38259155717128	1.35837681284131	3.28977307004755	1.25362133160854	3.06450811058448	2.85642510716076	3.13677667518647	4.59034883267833	12.5295460307218	-6.27436980776141	1.92994184581255	-3.25106677249114	0.00114972851609151	0.0246113760475839
MAN2A2	0.789271753130592	0.817751229549682	0.796503938920069	1.38104854018657	1.64858433581828	2.03515045595325	2.24144835194002	3.37427533937027	1.78093316459618	5.50187558662592	-5.08054525631862	1.72256888120509	-2.94940034720953	0.0031839123507031	0.040639378140962
MAPK10	3.73156515542866	3.74570931939307	3.73507519878989	6.01108617398928	7.99117033348004	5.8939084510541	5.29933730413443	7.93142568521181	3.70391948651499	168.723228141945	-10.0255918891416	2.13473583717963	-4.69640866777557	2.6477554394919e-06	0.000544113742815586
MCFD2	4.38116866625927	4.45189969532207	4.39908808716788	6.23006267658804	7.38471620407393	5.42430016995855	5.16567451683408	6.63699824818539	5.60607044751324	85.4974686531552	-4.24083148259212	1.0055091067105	-4.21759629454367	2.46920383900927e-05	0.00230646085871094
METTL21A	0.934897640934257	0.965002094811832	0.942542567159861	0.894318759113223	2.54599069768554	2.57048844516351	1.88636474333198	3.55779844373531	2.53811677392814	6.83605649462836	-5.39940265190613	1.87180568785889	-2.88459570719777	0.00391916610908442	0.0458230824515761
MIA3	1.30399028256011	1.33088254629847	1.3107840728645	2.88587807793856	2.97830256644435	1.91176190632235	2.58380458700122	3.13291875276207	3.2756734209219	7.40581307434339	-5.51642588839517	1.54269300879597	-3.57584163339184	0.000349102948467254	0.0130437556200038
MIR3175	2.06739798622784	2.81041606042592	2.35463490376087	3.59425881059085	3.82921652044737	4.12238762486623	3.852545773074	3.89766540549861	2.99162531977568	13.0630069301641	-3.35739538944269	1.09606206376324	-3.06314350294667	0.00219025000032573	0.0329621609624371
MIR4751	1.89179347581184	1.91867648865933	1.8985607332353	3.41638528525592	3.49327403339153	3.95749160136431	2.83380356105623	4.46160576385108	4.14899258443681	14.7546344774098	-6.50968167841358	1.53020030435443	-4.25413696487267	2.09856826504728e-05	0.00205359894508198
MORC4	4.80580717220532	4.21880409607122	4.77641497220874	6.50355466420437	7.17009715774356	5.52823335098067	6.13029199169	7.49550321790712	5.48473528424795	104.685135672941	-4.42466106942174	1.13988426238077	-3.8816757239725	0.000103739149936645	0.00561010402946857
MRPL22	0.97677516461435	1.00113672426427	0.982932041489057	2.21150262500291	2.58165697943852	1.62204962078688	2.10901075559017	2.48576861339735	2.4094455407522	4.80348899386216	-4.89417383857613	1.53566009157271	-3.18701636217159	0.00143748642595312	0.0267488753130928
NDUFS1	5.2421442091275	4.83415230057635	5.23339740195948	7.04509676162568	6.70971220367082	6.28325085804542	6.22372525588295	6.10565061149018	6.59545294926452	86.8265753999632	-2.987183193224	0.6986495774616	-4.27565304494611	1.9057782645804e-05	0.00195818716685636
NEK1	1.79200754091697	1.82342425461904	1.79994788412166	3.70506844708308	5.28972470142067	3.04688528170065	2.69177467040588	4.96690076315524	2.58038850426651	22.5868118568539	-7.12574208638537	1.79715682394619	-3.96500850200636	7.33933311171471e-05	0.00455876120454939
NFIA	1.11045057968937	1.13097586976227	1.11559403563171	2.18761447966971	3.20614433340967	2.19616770057982	2.07254792568547	3.07315249285201	1.51895802617064	6.30679692752153	-5.28745576247128	1.67459348773757	-3.15745630279191	0.00159152087774505	0.0273012411285845
NIPBL	3.91533480919173	4.58327435426844	3.70242930163635	6.33004616121747	4.08732987607208	5.80630612250101	6.63284288788974	4.77512966760652	6.10483050158883	63.7181249844112	-3.72509450091155	1.16663448937466	-3.19302620901279	0.00140790167379517	0.0267488753130928
NONO	1.84659454200394	1.87429412519417	1.85357225851877	2.80511095155021	4.24728720163784	4.39925672209585	3.60332752620052	4.21994761712644	2.78540297031505	15.3654648105365	-6.56988517069498	1.59301239312906	-4.12418961649768	3.72042314050881e-05	0.00309644647011218
NRL	1.19816084434933	1.23159119495403	1.20665240689779	2.67878379223747	2.11620683725753	3.26962867422736	1.7552305023133	4.57815993209858	2.54061449515423	11.4861773662381	-6.14596816163165	1.79701270132368	-3.42010279454593	0.000625974769111351	0.0182468556927936
NXPH1	0.743784287292051	0.766601078878054	0.749548675574681	1.79395653324127	1.66084783156778	1.82117057706991	1.30082544484493	2.13078219417744	2.51923594919492	3.90563469844289	-4.59391076543009	1.60954068160078	-2.85417499411147	0.00431487562340246	0.0489893337353152
ODF2L	5.32575743314311	5.13911962402913	5.70005467007773	6.93456948511408	8.24058284395326	5.75693827631704	6.7389340959442	7.70882451790931	5.88938577903502	158.659946222509	-3.66015011834287	1.05363043505924	-3.47384623351077	0.000513054959804386	0.0162204298830464
OPALIN	2.40225290248848	2.42679398264113	2.40840747435006	4.76549737254416	5.3935853412671	3.82496319090554	4.64846343815381	5.07827881337314	3.10625328150595	28.0238779858687	-7.43609070809278	1.61241784495613	-4.61176408544094	3.99265987533553e-06	0.000745901458528592
OR10K1	2.03297667914946	1.74403156873697	2.04899462043009	3.95535823113134	3.68644175754364	2.49776681141492	3.34063067746971	3.58493459532168	2.75186552249443	10.6633736592556	-4.17116150297292	1.3750931567276	-3.03336649052877	0.00241841696690075	0.0347541738949723
OR14J1	3.45467939086168	2.70472634045294	2.68848114585952	5.3196814335017	5.59018630383533	3.76596571092183	4.28126683677541	5.69221040278999	3.51890917770722	34.9021519974428	-4.62095756813433	1.40489109569037	-3.28919272270252	0.00100475199570835	0.0229558035424286
OR2AT4	1.13593469831991	1.17151971417624	1.14498951829421	1.08764178561153	4.49868739939291	1.99959997311274	2.57502831105602	4.12096723618356	2.43436692611056	13.183478068314	-6.34954882982953	2.0232278890268	-3.13832607007199	0.00169915742630317	0.028159423476234
OR2G6	3.59398512733836	3.20482994682513	3.15706197092983	4.86784774735483	5.13013074156783	4.15770013819209	4.45590525211429	5.27199271149301	3.61891534425121	25.819783861665	-3.08474784147674	0.977832498741731	-3.15467919653538	0.00160674672492833	0.0273012411285845
OR2M3	3.69701690639432	3.6380899056862	3.99478153496097	5.65114093712194	6.06624386540389	4.47557875400117	5.10538894455218	5.92603466200004	4.56172699968215	43.988042669291	-3.73288415474982	0.970489017061511	-3.84639505354982	0.000119868438196614	0.00601369054942778
OR56A1	0.843846183605063	0.871555240250655	0.850875986842289	2.05387165450378	2.499006926412	1.54465500216983	2.16773322788586	3.20821017190514	1.33675654879311	5.43181618242894	-5.06520577503026	1.69948193856795	-2.98044107447144	0.00287833608800613	0.0384473847484269
ORC4	2.85959386201036	2.87818681501491	2.86422111739067	5.00448147768788	6.40023975078061	4.58055065050956	4.43039648345975	5.50556282552575	4.12427013846899	44.0453965363422	-8.08926835822486	1.62761010195291	-4.97002835538982	6.69431109760315e-07	0.000196525847222493
PAQR5	9.5014141024604	9.45761870808901	9.60063131078482	11.377932290256	10.5861613141566	11.8186595924042	12.0277722894979	11.0548108711811	12.3205206519181	3296.37834342187	-4.90019511922682	0.766823120227994	-6.39025479274788	1.65609572565699e-10	3.4032767162251e-07
PARP8	1.43785465924178	1.47097526628773	1.44625239169557	2.8415903231828	4.84992407577955	3.23680330356072	1.3941823761025	3.97428599793934	2.85530482323042	15.2193571795435	-6.55738239584403	1.94428688708426	-3.37264137273372	0.000744508548911047	0.0193666464305342
PCBP2	2.83574630675596	3.40345880892666	3.75369281802192	4.43226167609222	5.25066512296149	4.16514742132016	4.23725085708525	5.49818952822024	4.63049856270852	27.7794777414239	-3.15089525101793	1.05650108883637	-2.98238713079635	0.00286010086465329	0.0384473847484269
PCDHA1	3.09740087636125	2.73719450559034	3.11454326452752	4.93098470953547	5.51830759081444	4.32378471537276	4.25136835513541	5.04658943446065	4.10971844867658	28.0693693195378	-4.58925574215501	1.12446616601077	-4.08127508045542	4.47893076895828e-05	0.00317386301041699
PCDHA2	2.27922155438749	2.01917295927303	2.29439300230107	3.99911754256174	4.49958617878244	3.35725820201531	3.28950509962179	4.04368473020854	3.15782769304821	14.2420957173272	-4.60130361756297	1.34896350736403	-3.41099191523295	0.000647270107155076	0.0184444827683251
PCDHA3	2.26235921510532	2.00038728915107	2.27758949192545	3.88636269252369	4.48857079327646	3.34457619282756	3.27662879426365	4.03222503729358	3.14466493987342	13.9309791309897	-4.56907908652208	1.34800499442603	-3.38951198653945	0.000700171477436333	0.0186863946250865
PCDHA4	3.5749310253612	3.15602388644232	3.59309167611311	5.45763393552678	6.05294824004343	4.83396038295325	4.77431696379498	5.5788341066314	4.58081997406343	40.3786361251702	-4.53477083263992	1.05483508531842	-4.29903299175057	1.71544937997564e-05	0.00191044476538494
PCK2	1.74458757707652	1.7765887360752	1.75268080585792	3.38435397115066	2.69513634571951	4.22457696801438	2.77316321681941	5.60929558699515	3.24000751594537	22.5641054296609	-7.12136838414981	1.79901084855194	-3.9584910729593	7.54247595886516e-05	0.00455876120454939
PCSK5	3.44847818704007	3.87773831387709	3.29403752906216	4.5130623265865	6.42077541848208	4.91636356465115	5.4301798317125	5.95084528017402	5.3685591739134	50.2302435821787	-5.01534167379426	1.16838351707802	-4.29254743882128	1.76634795826345e-05	0.00191044476538494
PIGN	8.42369894839062	8.36816413987172	8.77957766570608	10.5017881208898	10.9251898367272	9.55701024211628	10.2895016552128	11.6519406434551	9.47752631916423	1698.90554374872	-4.59956019928413	0.941066547045957	-4.88760355335371	1.02070810084039e-06	0.000233061683025223
PIK3CD	1.02005354427008	1.04794664075098	1.02712017614524	2.39097301668614	2.33449612060752	2.82981023797567	3.05617019010091	0.984663178084549	2.79617328291874	6.28823573187414	-5.28000032753573	1.78690180656445	-2.95483518352204	0.00312836125870112	0.0401798899164425
PLEKHA5	3.07992605091838	3.92426117258178	3.85161903822417	4.05725554564535	6.18083912928183	4.58483191281921	4.55900239505246	6.15122237503138	4.71521713922839	43.6146719154572	-3.52194937390658	1.22067184552041	-2.88525485930665	0.00391096912607783	0.0458230824515761
PLXNC1	0.760373289019848	0.783049093793663	0.766100841324578	1.5053140513022	1.85365633012063	1.5843410098836	2.30197348095857	1.675170400038	2.42122741010622	3.89752261164819	-4.59082740637144	1.59163259823098	-2.88435120735396	0.00392221058804329	0.0458230824515761
PPIP5K2	1.50117383923206	1.52691906226246	1.8528206579805	3.06865460578276	3.58865605721088	2.69245204481861	2.71277750019233	3.29770100125004	2.66455591318716	8.20003932324663	-4.67945576076328	1.46395426719496	-3.1964494148642	0.00139130219871138	0.0267208039098306
PPP2R5C	1.85863007120831	1.88476087780242	1.86520673762264	3.48533538045312	3.67378141155762	3.76878443029529	2.98136985806575	3.90393044229017	3.99231936429082	12.6705034654067	-6.29180205002777	1.44257364735126	-4.36151184487549	1.29166802195463e-05	0.00165898611569797
PROX1	1.06371754197092	1.09957191031259	1.07285925886718	1.01473963058687	3.63930589248968	2.82541392662174	2.02385044829941	4.46106073273199	1.75046667874775	16.5677965389759	-6.67670105135761	2.11525806395318	-3.15644751112761	0.00159703628159597	0.0273012411285845
PSME3	1.10291118218502	1.13310154689847	1.11056832348319	2.72794498119328	2.71184655221079	3.23724974901425	1.06307207617599	2.16158260787412	3.61257083209195	7.9517372556848	-5.6207500899421	1.84776173816841	-3.041923627834	0.00235071528776199	0.0341979119823013
PTK2B	1.3764105672079	1.403148499445	1.7467813455533	3.51824079151336	1.98012798136787	2.53363942265472	2.63584998462238	3.37098296154549	3.01995034996439	7.9480032833615	-4.62366235792901	1.54691357745145	-2.98895971004827	0.00279929041640111	0.0384473847484269
PTPRT	1.00467226198806	1.03744599024603	1.01300538604642	2.53747524689667	2.15607446479996	0.93932415240613	3.02387951377826	4.07907453821757	2.30966384779181	8.89978943266669	-5.77741174982612	1.9399320051773	-2.97815167459856	0.0028999243970833	0.0384473847484269
R3HDM2	2.26906193464533	2.29705937808357	2.27610603325078	4.126406309142	6.08671005727262	3.21841268880106	4.89429121919308	5.79244038577428	2.21110143900195	42.2540014314757	-8.02836014973644	2.0491718825421	-3.91785589980712	8.93400839788651e-05	0.00524553921647336
RNF4	0.961169412563194	0.991078823260465	0.96876233226297	2.16755680216877	1.52664289659755	2.65028659510882	2.55525987835835	3.65938449471493	1.63576122535419	6.87929310453729	-5.4033463799548	1.72619426168733	-3.13020759011972	0.0017468281197274	0.0284899348098397
RPAP2	3.03354368651267	2.64843868032592	3.45004763337122	3.83744337612548	6.51598334512632	4.14767125415897	4.15389515935448	4.95113005624447	3.89534890027053	39.2282294120154	-4.26734015359439	1.35562969575584	-3.14786565015095	0.0016446726532906	0.0274780675000991
RPL13A	2.83147913864445	2.9200922432495	2.22169942855544	3.58074856060796	4.28486863895682	3.74120824253462	3.63515871564945	4.07862382658802	3.81829919418009	13.9035101493176	-2.87794513918994	0.958385395359145	-3.00291005385308	0.00267411452957161	0.037898657643239
RPL21	1.15255444584808	1.18182894216537	1.15996396679247	3.59800540898468	3.24071312989174	2.09276754710985	1.1141911869153	2.96504162672273	2.85969202633946	8.23913988217926	-5.67006971198928	1.84554066016025	-3.07230820452199	0.00212410285573031	0.0323335656927835
RPL23A	11.265866914075	11.9984499837394	11.3459881220506	13.6481639390763	10.9206423162868	13.4417405859473	14.0364291236461	12.0702553392283	13.6731342163196	11173.3507573199	-3.40979211674578	1.18624343204666	-2.87444551820429	0.00404737592043216	0.0467267276207195
RPL31	3.09984394788493	3.11799075500586	3.10436437251912	4.5358361248776	5.09425175294273	5.76605143571666	5.195208874974	5.70793519064272	5.68622590902528	43.1925641941808	-8.05981264567141	1.44283500944809	-5.58609445494011	2.32232959077762e-08	1.59079576968267e-05
RPL35A	0.945146193939623	0.969325950618119	0.951257791372414	1.66729162818855	2.15895614694413	2.08851127423867	2.08286381609696	2.60460326239829	2.5130776504759	4.64507120168611	-4.84297672353285	1.53652476784979	-3.15190280356502	0.00162210258747211	0.0273231214529114
RPL36A	1.26590918284845	1.29512868108568	1.27330481186762	1.22694728909292	2.98978664675745	2.90641574518348	3.08352587629178	3.71000474441862	2.929635283983	8.6631246415577	-5.74129276601354	1.79333975082311	-3.20145291118339	0.00136736422112896	0.026508806362453
RRAS2	1.16926346405692	1.20194663195425	1.17756305068912	4.18186860294829	3.62030444724762	1.1044362165927	2.46407494785324	2.66072435672836	2.51136968463613	10.3828900109599	-6.00315005031633	1.92662941084063	-3.11588207702955	0.001833955948539	0.0289906113403665
SAMD9	2.54802314169599	1.81744787630082	1.79385745833526	3.12931799809406	5.52163170276104	2.17546689058856	3.32907132896486	4.81540409023181	2.15913822694529	32.4028414155533	-5.26208840393995	1.81052881938883	-2.90638201810907	0.00365634755036575	0.0444603208047433
SCAF11	0.981512404176545	1.01073549488302	0.988918949269098	2.4774842635346	3.27160372311188	1.66977593845371	2.95672920653186	3.01828930276624	0.919128146407389	7.02174412360405	-5.43943070423984	1.89097756392007	-2.87651784348181	0.00402089461369852	0.0466832679726015
SIRT6	1.83719983341034	1.86601843394745	1.84446985594269	3.69436107879456	3.83329869934522	3.57620171434416	3.46210843210801	5.0040261663451	2.59422325581572	16.7191141685608	-6.68859531008482	1.63209444412939	-4.09816682738156	4.16435106389704e-05	0.00311602473475294
SLC39A14	0.950546862720679	0.985746116820286	0.959523101029922	0.902438837466235	2.87695408330979	2.10626071414788	2.92937689752097	4.21784933900868	1.65877009175925	12.4522509645886	-6.26366405257324	2.06016861808054	-3.04036475344872	0.00236291789674964	0.0341979119823013
SLC41A3	1.74881416407841	1.77818367995127	1.75622712721885	3.35216001092043	3.56409893657761	4.18403529588951	4.3223331107648	4.33176133699862	1.68718874281591	15.9008927229853	-6.61699443508975	1.84281291337007	-3.59070331398363	0.000329786862837149	0.0125502222801915
SLC7A2	1.82490409960467	1.85473963923935	1.83243529791987	3.86013672187253	4.74539598377009	2.49893331880833	3.86445033550424	4.82528451865789	2.47763990177059	19.032963247774	-6.8777172290739	1.72751371370484	-3.98128082834369	6.85449072400695e-05	0.00440186826182321
SPCS2	1.24076626251796	1.27519551018335	1.24951430090471	1.19426305769286	3.40373886038936	2.76708220525549	3.08512408141709	4.76257715456856	2.29691274024765	13.3655823143581	-6.36626619571625	1.97587054558311	-3.22200571790874	0.00127296594715351	0.0256465198176516
SPTAN1	2.15733846649829	2.18063683241632	3.07941555920682	3.64936913872367	4.06678690459131	4.04012275608997	3.60433382888852	3.87491012544368	3.88788824919386	13.864023135232	-3.18870814119519	1.09026861431126	-2.9246995642533	0.00344788922662679	0.0424276189264554
SRD5A1	3.28604238238274	3.17736211783555	3.30191484442171	5.09643208181408	5.99370383105946	4.17086210345952	4.56686316364349	5.88746377809251	4.10618036434647	39.5467043883231	-4.74430078366773	1.15874486688217	-4.09434459583255	4.23364259672707e-05	0.00311602473475294
STT3A	1.15623870754125	1.18487662481202	1.16349027071892	1.11799966151558	2.82062502827743	2.93292514904134	3.25092550544135	3.16660634916351	2.45162872498943	7.44415778569373	-5.52257419953828	1.78671539605455	-3.09090872095988	0.00199544965867638	0.0312836214186062
SULT1B1	1.16410005563685	1.19273308259664	1.17135198950985	2.50256513624638	3.67327364116809	2.2055211739953	2.40975247266007	3.06809556214693	1.93820612317444	7.39248719004893	-5.5186498066046	1.63011079335592	-3.38544461462238	0.000710630485248396	0.0187223800921212
TACC2	1.52260567946056	1.55500141308132	1.5308114411964	4.63584732384372	4.34356084197557	1.45901675194756	2.81005533997402	3.8271808560989	2.75944505010437	15.8481627617125	-6.61338493178603	1.94073625087103	-3.40766805835562	0.000655205470602302	0.0184444827683251
TANGO2	1.23838956374591	1.26878710895398	1.24609282978772	1.19769056902204	2.52161318096503	3.28774274444508	3.0241678720179	3.88598646900667	2.8712220171229	9.1981486925407	-5.82681970605313	1.8348181184215	-3.17569335486286	0.00149478868133381	0.0269455328082542
TAX1BP1	1.57636629445082	1.6057098922531	1.58378078715171	1.53744570441149	3.15920897393662	3.60218346869496	3.95730226857699	3.81027124805562	3.69765072871153	12.2462209125398	-6.240779483056	1.79014657877841	-3.48618350979655	0.000489964768556625	0.0157324624903729
TBC1D8B	6.73245372247598	6.050842103506	6.57797173686735	8.48854976432214	9.15661198505086	7.4927317766852	8.1091067628214	9.49511062034585	7.44793877653633	416.766679772722	-4.61494375344926	1.20242325458202	-3.83803601257986	0.000124022296429792	0.00606823378960056
TCF12	0.939527796388345	0.96777157993261	0.946684834794982	0.901734154344765	1.97055385693027	2.93388598768843	2.73362456115843	3.11549090736869	2.11506169260577	6.25817228990445	-5.27059086881287	1.83917009829641	-2.86574410583063	0.00416030386966523	0.0477621477774416
TEX101	2.36194300124202	2.66642338145195	2.36788506034021	4.05089513759864	4.40485489153394	4.03917733260238	4.01759534610958	5.31541929999295	4.09792901752655	22.0325183533944	-6.1148048413461	1.47023479562762	-4.15906687797834	3.19550336146244e-05	0.00285511278600231
TEX9	2.53152070190513	2.54943123636365	2.5359728191826	4.70431921062024	6.0483582516016	3.57034120470642	3.96283341043433	5.1058674218825	3.54362253789364	34.7767143799894	-7.74855248868202	1.71501573797259	-4.51806494664708	6.24073437945501e-06	0.000986516088444619
TJP1	1.61953035407731	1.64740435042621	1.6265557251329	3.12715737433147	4.14621393781262	2.54741300820545	3.54911367799962	4.08565791488402	2.52246707756377	12.2042137074692	-6.23726505393784	1.61105757703133	-3.871534539089	0.000108152328570755	0.0056987957746898
TMC5	3.97452565195893	4.04637094721759	4.29562066294657	5.57276059162419	4.27414544300321	5.78614582411768	5.88249184724608	5.89155996445145	5.63716162889535	47.1905782171755	-3.26114096418354	0.872915356825305	-3.7359188822659	0.000187030957454777	0.00806504111509142
TMCO3	4.74230070467198	4.37135211741995	3.84389732209235	5.68575399280468	6.93859406655061	5.10530912519242	5.68985258112363	6.76460142029322	5.40602382525305	72.7334889737782	-3.76100196741197	1.13821677132426	-3.30429322618065	0.000952161855633315	0.0227522396898426
TMCO5A	1.26142242977153	1.29734235151071	1.27057173111352	2.42421505883524	5.0433047724363	1.18924481414631	2.71761320041358	4.05551952106586	1.90518157741342	27.6022795982741	-7.4151508387613	2.21395921177859	-3.34927165745042	0.000810243109412555	0.020305482802961
TP53BP1	4.31375422337249	3.39697624752951	3.38471052002343	5.0858099364826	6.96444042311304	4.87175617916527	5.49555579958119	6.2116580766082	4.60164210827327	63.5795916379017	-4.49890838437988	1.39484472445937	-3.225382944416	0.00125804269368154	0.0255968092625302
TRIM22	2.46245878433573	2.48767946072779	2.46878785147143	4.24588615252756	6.12562768870856	3.40857359536176	4.71912463718967	5.52402261512899	3.56365230889021	38.0246700885265	-7.87686029275479	1.72483438576269	-4.56673426606798	4.95381353150071e-06	0.000848340567269496
TRIM5	2.37929484513666	2.40467056729508	3.01568344029103	4.15784592645398	5.79233312531833	3.27565526936578	4.22837589668775	5.30137646452359	3.38560561433777	30.115225778514	-5.1015782307947	1.50103069886138	-3.39871678484961	0.000677027843815338	0.0186352935295523
TSKU	2.20994917386986	2.23683510305817	2.21671043911855	3.91729290768147	5.56248073249668	3.72139176278186	4.39986061532213	4.95750589948999	2.87846704511783	26.5584544852124	-7.3594868540216	1.67842263134319	-4.38476383515636	1.16111678006904e-05	0.00159072998869458
TTI2	6.13312814895137	7.13114426771479	6.14003365224295	9.02445179510466	6.14295743558927	8.61113589663432	9.7219199445041	7.71630656581903	8.47682989480699	471.699344963905	-4.26547121101946	1.32615014103225	-3.21643159325784	0.00129795472814452	0.0256637580918359
UBE2I	1.3282682140028	1.35700891575217	1.33553729635981	1.29003552257973	3.3084930204098	2.88288463730614	3.36443450317507	3.32810668998574	3.15977302266665	8.83717338846284	-5.77150862213628	1.76896364140999	-3.26264965939944	0.00110375876232328	0.0241300452827057
UBE3A	3.08120677070252	4.02887172093848	3.08609822575203	4.84079032559225	7.39530860912233	4.55503339753186	4.45243933228807	6.03069291348909	4.05629691845439	76.1480797877599	-5.06459684113909	1.60139784118502	-3.16261000913511	0.00156361645405143	0.0273012411285845
UGGT2	1.65213661453884	1.68348984060023	1.66006675808643	3.77196390250112	4.62611429746853	1.59096686101003	3.193640859362	4.65549846607211	3.04961917382837	17.2035546717513	-6.73212450716325	1.91598228981952	-3.51366739814562	0.00044196583414523	0.0148718798079236
VCAN	4.94073723460647	5.03460898593507	4.61538710814354	5.9043320107235	4.98687138594196	7.28517761675803	6.71731651634147	5.54171547233494	6.99882777492873	94.2213750990061	-3.38906727556064	1.01081456123183	-3.35280812677506	0.000799961426631811	0.020305482802961
VPS13D	1.08456224204993	1.11303943724046	1.09177611208829	2.24023750989866	2.89782539047598	3.07364330335831	2.76488729283627	3.06727633734275	1.02387518337441	6.91871986320044	-5.41737454338839	1.81203190463465	-2.98966841010488	0.00279280444288756	0.0384473847484269
WDPCP	5.29564407906912	4.79961946659224	5.09478441571306	7.30090092459777	7.56626407046556	6.45965026210101	6.88944713309352	8.13607813835541	6.42785805095281	162.283053045862	-5.25639684615775	1.05441691860588	-4.98512187485348	6.1922767997651e-07	0.000196525847222493
ZDHHC16	1.23378419619938	1.26069417196948	1.24056595823434	3.20343525335873	2.27336192805829	2.68397285337152	3.81849572686479	1.20021089794538	3.18022021642534	8.97491952362022	-5.791188748857	1.85686099343496	-3.11880575300579	0.00181585630562529	0.0289906113403665
ZSCAN30	4.79397021900608	4.29968534642212	3.86029925245242	6.39434972517854	7.16514209274286	4.60055581385527	5.40519137588709	6.84340336353883	5.34177920526967	84.8689041094689	-4.00548325495726	1.25967568248818	-3.17977342155674	0.00147390247768621	0.0269455328082542
ZYG11B	0.898444216629159	0.936183761539275	0.908077576846411	1.92902709400256	2.44295195908439	4.19006003682945	1.25144665865146	4.20580514785613	0.815162955942552	12.414512349902	-6.26032104260627	2.13427983901302	-2.93322409187977	0.00335461668248686	0.0420349834299421
